id,operator,group,ref_class,map_class,ref_code,map_code
275,karel88,3,Eau,Eau,4,4
426,lillteddy,5,Eau,NF,4,2
383,Cherubins,4,Eau,Eau,4,4
192,josney,2,Eau,Eau,4,4
400,Cherubins,4,Eau,Eau,4,4
900,jeannette_kenovh,9,Eau,Eau,4,4
90,karel88,1,Eau,Eau,4,4
37,karel88,1,Eau,Eau,4,4
109,josney,2,Eau,Eau,4,4
361,Cherubins,4,Eau,Eau,4,4
670,gisele,7,Eau,Eau,4,4
200,josney,2,Eau,Eau,4,4
54,karel88,1,Eau,Eau,4,4
638,gisele,7,Eau,Eau,4,4
727,leslie,8,Eau,Eau,4,4
514,carine,6,Eau,Eau,4,4
326,Cherubins,4,Eau,Eau,4,4
628,gisele,7,Eau,Eau,4,4
805,leslie,8,Eau,Eau,4,4
461,lillteddy,5,Eau,Eau,4,4
854,jeannette_kenovh,9,Eau,Eau,4,4
490,lillteddy,5,Eau,Eau,4,4
454,lillteddy,5,Eau,Eau,4,4
851,jeannette_kenovh,9,Eau,Eau,4,4
863,jeannette_kenovh,9,Eau,Eau,4,4
198,josney,2,Eau,Eau,4,4
810,jeannette_kenovh,9,Eau,Eau,4,4
718,leslie,8,Eau,Eau,4,4
445,lillteddy,5,Eau,Eau,4,4
538,carine,6,Eau,Eau,4,4
286,karel88,3,Eau,Eau,4,4
487,lillteddy,5,Fm,Fm,13,13
121,josney,2,Fm,Fm,13,13
804,leslie,8,Fm,Fm,13,13
77,karel88,1,Fm,Eau,13,4
714,leslie,8,Fm,Fm,13,13
631,gisele,7,Fm,Fm,13,13
770,leslie,8,Fm,NF,13,2
485,lillteddy,5,Fm,Fm,13,13
666,gisele,7,Fm,Fm,13,13
677,Cherubins,7,Fm,Fp,13,11
600,lillteddy,6,Fm,Fm,13,13
695,Cherubins,7,Fm,Eau,13,4
23,karel88,1,Fm,Fm,13,13
88,karel88,1,Fm,Fm,13,13
516,carine,6,Fm,Fm,13,13
757,leslie,8,Fm,Fm,13,13
764,lillteddy,8,Fm,Fp,13,11
793,leslie,8,Fm,Fp,13,11
513,carine,6,Fm,Fm,13,13
722,leslie,8,Fm,Fm,13,13
32,karel88,1,Fm,Fm,13,13
765,lillteddy,8,Fm,Fm,13,13
518,carine,6,Fm,Fm,13,13
91,karel88,1,Fm,Fp,13,11
592,lillteddy,6,Fm,Fm,13,13
796,leslie,8,Fm,Fm,13,13
762,leslie,8,Fm,Fp,13,11
630,gisele,7,Fm,Eau,13,4
773,leslie,8,Fm,Fm,13,13
341,Cherubins,4,Fm,Fm,13,13
437,lillteddy,5,Fm,Fp,13,11
707,gisele,7,Fm,Fm,13,13
573,carine,6,Fm,Fm,13,13
604,lillteddy,6,Fm,Fs,13,12
153,josney,2,Fm,Fm,13,13
70,karel88,1,Fm,Fm,13,13
265,karel88,3,Fm,Fp,13,11
746,leslie,8,Fm,Fm,13,13
276,karel88,3,Fm,Fm,13,13
337,Cherubins,4,Fm,Fm,13,13
787,leslie,8,Fm,Fs,13,12
463,lillteddy,5,Fm,Fp,13,11
281,karel88,3,Fm,Fs,13,12
721,leslie,8,Fm,Fm,13,13
114,josney,2,Fm,Fp,13,11
808,leslie,8,Fm,Fm,13,13
73,karel88,1,Fm,Fm,13,13
428,lillteddy,5,Fm,Fm,13,13
791,leslie,8,Fm,Fm,13,13
738,leslie,8,Fm,Fp,13,11
351,Cherubins,4,Fm,NF,13,2
20,karel88,1,Fm,Fm,13,13
803,leslie,8,Fm,Fp,13,11
607,gisele,7,Fm,Fp,13,11
563,carine,6,Fm,Fm,13,13
33,karel88,1,Fm,NF,13,2
366,Cherubins,4,Fm,Fm,13,13
355,Cherubins,4,Fm,Fm,13,13
184,josney,2,Fm,Fm,13,13
360,Cherubins,4,Fm,Eau,13,4
774,leslie,8,Fm,Fm,13,13
78,karel88,1,Fm,Eau,13,4
619,leslie,7,Fm,Fm,13,13
550,carine,6,Fm,Fm,13,13
368,Cherubins,4,Fm,Fm,13,13
177,josney,2,Fm,Fm,13,13
329,Cherubins,4,Fp,Fp,11,11
537,carine,6,Fp,Fp,11,11
223,Precieux,3,Fp,Fp,11,11
216,Precieux,3,Fp,NF,11,2
758,leslie,8,Fp,Fp,11,11
673,gisele,7,Fp,Fp,11,11
450,lillteddy,5,Fp,Fp,11,11
163,josney,2,Fp,Fp,11,11
620,leslie,7,Fp,Fp,11,11
568,carine,6,Fp,Fp,11,11
173,josney,2,Fp,Fp,11,11
801,leslie,8,Fp,Fp,11,11
293,karel88,3,Fp,Fp,11,11
627,gisele,7,Fp,Fp,11,11
201,josney,2,Fp,Fp,11,11
138,josney,2,Fp,Fp,11,11
807,leslie,8,Fp,Fp,11,11
553,carine,6,Fp,Fp,11,11
342,Cherubins,4,Fp,Fp,11,11
239,Precieux,3,Fp,NF,11,2
577,carine,6,Fp,Fp,11,11
780,leslie,8,Fp,Fp,11,11
324,Cherubins,4,Fp,Fp,11,11
167,josney,2,Fp,Fs,11,12
771,leslie,8,Fp,Fp,11,11
48,karel88,1,Fp,Fp,11,11
381,Cherubins,4,Fp,Fp,11,11
162,josney,2,Fp,Fp,11,11
328,Cherubins,4,Fp,Fp,11,11
576,carine,6,Fp,Fm,11,13
325,Cherubins,4,Fp,NF,11,2
100,karel88,1,Fp,Fp,11,11
304,Cherubins,4,Fp,NF,11,2
494,lillteddy,5,Fp,Fp,11,11
126,josney,2,Fp,Fp,11,11
838,jeannette_kenovh,9,Fp,Fp,11,11
61,karel88,1,Fp,Fp,11,11
213,Precieux,3,Fp,Fp,11,11
261,karel88,3,Fp,Fp,11,11
354,Cherubins,4,Fp,Fp,11,11
735,leslie,8,Fp,Fm,11,13
147,josney,2,Fp,Fp,11,11
473,lillteddy,5,Fp,Fp,11,11
110,josney,2,Fp,Fp,11,11
98,karel88,1,Fp,Fp,11,11
710,leslie,8,Fp,Fp,11,11
475,lillteddy,5,Fp,Fs,11,12
349,Cherubins,4,Fp,Fp,11,11
661,gisele,7,Fp,Fp,11,11
711,leslie,8,Fp,Fs,11,12
422,lillteddy,5,Fp,Fs,11,12
375,Cherubins,4,Fp,Fm,11,13
539,carine,6,Fp,Fp,11,11
748,leslie,8,Fp,Fp,11,11
231,Precieux,3,Fp,NF,11,2
597,lillteddy,6,Fp,Fs,11,12
665,gisele,7,Fp,Fm,11,13
332,Cherubins,4,Fp,Fp,11,11
66,karel88,1,Fp,Fp,11,11
42,karel88,1,Fp,Fp,11,11
113,josney,2,Fp,Fp,11,11
467,lillteddy,5,Fp,Fp,11,11
236,Precieux,3,Fp,Fp,11,11
240,Precieux,3,Fp,Eau,11,4
664,gisele,7,Fp,Fp,11,11
218,Precieux,3,Fp,Fm,11,13
380,Cherubins,4,Fp,Fp,11,11
747,leslie,8,Fp,Fp,11,11
404,Cherubins,4,Fp,Fp,11,11
708,leslie,8,Fp,Fp,11,11
369,Cherubins,4,Fp,Fp,11,11
783,leslie,8,Fp,Fp,11,11
83,karel88,1,Fp,Fp,11,11
443,lillteddy,5,Fp,NF,11,2
347,Cherubins,4,Fp,Fp,11,11
196,josney,2,Fp,Fp,11,11
46,karel88,1,Fp,Fp,11,11
566,carine,6,Fp,Fp,11,11
453,lillteddy,5,Fp,Fp,11,11
154,josney,2,Fp,Fs,11,12
693,Cherubins,7,Fp,Fs,11,12
141,josney,2,Fp,Fs,11,12
642,gisele,7,Fp,Fp,11,11
278,karel88,3,Fp,Fs,11,12
438,lillteddy,5,Fp,Fp,11,11
145,josney,2,Fp,Fs,11,12
700,Cherubins,7,Fp,Fp,11,11
280,karel88,3,Fp,Fs,11,12
279,karel88,3,Fp,Fp,11,11
10,karel88,1,Fp,Fp,11,11
558,carine,6,Fp,Fm,11,13
86,karel88,1,Fp,Fp,11,11
188,josney,2,Fp,Fp,11,11
499,lillteddy,5,Fp,Fp,11,11
692,Cherubins,7,Fp,Fp,11,11
584,carine,6,Fp,Fp,11,11
393,Cherubins,4,Fp,Fm,11,13
230,Precieux,3,Fp,Fp,11,11
67,karel88,1,Fp,Fp,11,11
112,josney,2,Fp,Fp,11,11
232,Precieux,3,Fp,Fp,11,11
633,gisele,7,Fp,Fp,11,11
531,carine,6,Fp,Fp,11,11
617,gisele,7,Fp,Fs,11,12
388,Cherubins,4,Fp,Fm,11,13
350,Cherubins,4,Fp,Fs,11,12
376,Cherubins,4,Fp,Fs,11,12
277,karel88,3,Fp,Fp,11,11
382,Cherubins,4,Fp,Fp,11,11
855,jeannette_kenovh,9,Fp,Fp,11,11
220,Precieux,3,Fp,Fs,11,12
199,josney,2,Fp,Fp,11,11
283,karel88,3,Fp,Fm,11,13
165,josney,2,Fp,Fp,11,11
465,lillteddy,5,Fp,Fp,11,11
297,karel88,3,Fp,Fp,11,11
751,leslie,8,Fp,Fs,11,12
262,karel88,3,Fp,Fp,11,11
651,gisele,7,Fp,Fp,11,11
687,Cherubins,7,Fp,Fs,11,12
781,leslie,8,Fp,Fp,11,11
395,Cherubins,4,Fp,Fp,11,11
74,karel88,1,Fp,Fm,11,13
268,karel88,3,Fp,Fp,11,11
779,leslie,8,Fp,Fp,11,11
615,gisele,7,Fp,Fp,11,11
365,Cherubins,4,Fp,Fs,11,12
99,karel88,1,Fp,Fp,11,11
741,leslie,8,Fp,Fp,11,11
435,lillteddy,5,Fp,Fm,11,13
322,Cherubins,4,Fp,Fp,11,11
344,Cherubins,4,Fp,Fm,11,13
377,Cherubins,4,Fp,Fp,11,11
605,lillteddy,6,Fp,Fm,11,13
129,josney,2,Fp,Fp,11,11
609,gisele,7,Fp,Fm,11,13
174,josney,2,Fp,Fm,11,13
289,karel88,3,Fp,Fm,11,13
68,karel88,1,Fp,Fp,11,11
123,josney,2,Fp,Fm,11,13
334,Cherubins,4,Fp,Fp,11,11
233,Precieux,3,Fp,Fp,11,11
397,Cherubins,4,Fp,Fm,11,13
244,Precieux,3,Fp,Fs,11,12
103,josney,2,Fp,Fp,11,11
669,gisele,7,Fp,Fp,11,11
180,josney,2,Fp,Fm,11,13
39,karel88,1,Fp,Fm,11,13
221,Precieux,3,Fp,Fm,11,13
41,karel88,1,Fp,Fm,11,13
840,jeannette_kenovh,9,Fp,Fm,11,13
556,carine,6,Fp,Fp,11,11
618,gisele,7,Fp,Fp,11,11
272,karel88,3,Fp,Fp,11,11
460,lillteddy,5,Fp,Fm,11,13
21,karel88,1,Fp,Fm,11,13
94,karel88,1,Fp,Fm,11,13
179,josney,2,Fp,Fm,11,13
505,lillteddy,5,Fp,Fm,11,13
135,josney,2,Fp,Fs,11,12
4,karel88,1,Fp,Fm,11,13
733,leslie,8,Fp,Fp,11,11
654,gisele,7,Fp,Fp,11,11
399,Cherubins,4,Fp,Fp,11,11
217,Precieux,3,Fp,Fp,11,11
202,josney,2,Fp,Fm,11,13
555,carine,6,Fp,Fm,11,13
601,lillteddy,6,Fp,Fm,11,13
245,Precieux,3,Fp,Fm,11,13
101,karel88,1,Fp,Fp,11,11
246,Precieux,3,Fp,Fm,11,13
299,karel88,3,Fp,Fm,11,13
367,Cherubins,4,Fp,Fp,11,11
624,josney,7,Fp,Fp,11,11
749,leslie,8,Fp,Fp,11,11
510,carine,6,Fp,Fm,11,13
353,Cherubins,4,Fp,Fm,11,13
419,lillteddy,5,Fp,Fp,11,11
132,josney,2,Fp,Fs,11,12
571,carine,6,Fp,Fm,11,13
547,carine,6,Fp,Fp,11,11
548,carine,6,Fp,Fp,11,11
683,Cherubins,7,Fp,Fm,11,13
594,lillteddy,6,Fp,Fp,11,11
429,lillteddy,5,Fp,Fp,11,11
675,Cherubins,7,Fp,Fm,11,13
512,carine,6,Fp,Fp,11,11
536,carine,6,Fp,Fs,11,12
60,karel88,1,Fp,Fm,11,13
456,lillteddy,5,Fp,Fm,11,13
610,gisele,7,Fp,Fm,11,13
327,Cherubins,4,Fp,Fm,11,13
750,leslie,8,Fp,Fm,11,13
680,Cherubins,7,Fp,Fm,11,13
481,lillteddy,5,Fp,Fp,11,11
5,karel88,1,Fp,Fs,11,12
273,karel88,3,Fp,Fs,11,12
484,lillteddy,5,Fp,Fp,11,11
339,Cherubins,4,Fp,Fs,11,12
694,Cherubins,7,Fp,Fp,11,11
559,carine,6,Fp,Fs,11,12
451,lillteddy,5,Fp,Fs,11,12
472,lillteddy,5,Fp,Fm,11,13
215,Precieux,3,Fp,Fs,11,12
343,Cherubins,4,Fp,Fs,11,12
766,lillteddy,8,Fp,Fm,11,13
663,gisele,7,Fp,Fp,11,11
508,carine,6,Fp,Fp,11,11
171,josney,2,Fp,Fp,11,11
378,Cherubins,4,Fp,Fm,11,13
170,josney,2,Fp,Fm,11,13
525,carine,6,Fp,Fm,11,13
308,Cherubins,4,Fp,Fs,11,12
134,josney,2,Fp,Fp,11,11
242,Precieux,3,Fp,Fs,11,12
591,lillteddy,6,Fp,Fp,11,11
288,karel88,3,Fp,Fp,11,11
737,leslie,8,Fp,Fm,11,13
717,leslie,8,Fp,Fp,11,11
565,carine,6,Fp,Fp,11,11
432,lillteddy,5,Fp,Fp,11,11
824,jeannette_kenovh,9,Fp,Fm,11,13
684,Cherubins,7,Fp,Fp,11,11
839,jeannette_kenovh,9,Fp,Fm,11,13
40,karel88,1,Fp,Fp,11,11
248,Precieux,3,Fp,Fp,11,11
557,carine,6,Fp,Fs,11,12
470,lillteddy,5,Fp,Fp,11,11
632,gisele,7,Fp,Fm,11,13
235,Precieux,3,Fp,Fm,11,13
625,gisele,7,Fp,Fp,11,11
241,Precieux,3,Fp,Fs,11,12
136,josney,2,Fp,Fp,11,11
503,lillteddy,5,Fp,Fp,11,11
599,lillteddy,6,Fp,Fm,11,13
243,Precieux,3,Fp,Fm,11,13
237,Precieux,3,Fp,Fs,11,12
645,gisele,7,Fp,Fm,11,13
811,jeannette_kenovh,9,Fp,Fm,11,13
731,leslie,8,Fp,Fm,11,13
96,karel88,1,Fp,Fm,11,13
612,gisele,7,Fp,Fm,11,13
794,leslie,8,Fp,Fp,11,11
706,Cherubins,7,Fp,Fm,11,13
655,gisele,7,Fp,Fm,11,13
107,josney,2,Fp,Fm,11,13
671,gisele,7,Fp,Fm,11,13
364,Cherubins,4,Fp,Fm,11,13
535,carine,6,Fp,Fm,11,13
823,jeannette_kenovh,9,Fp,Fm,11,13
649,gisele,7,Fp,Fm,11,13
284,karel88,3,Fp,Fm,11,13
440,lillteddy,5,Fp,Fm,11,13
157,josney,2,Fp,Fm,11,13
16,karel88,1,Fp,Fs,11,12
6,karel88,1,Fp,Fm,11,13
678,Cherubins,7,Fp,Fm,11,13
263,karel88,3,Fp,Fm,11,13
474,lillteddy,5,Fp,Fm,11,13
159,josney,2,Fp,Fm,11,13
641,gisele,7,Fp,Fm,11,13
534,carine,6,Fp,Fm,11,13
8,karel88,1,Fp,Fm,11,13
45,karel88,1,Fp,Fm,11,13
755,leslie,8,Fp,Fm,11,13
896,jeannette_kenovh,9,Fp,Fm,11,13
452,lillteddy,5,Fp,Fm,11,13
656,gisele,7,Fp,Fs,11,12
166,josney,2,Fp,Fm,11,13
197,josney,2,Fp,Fm,11,13
462,lillteddy,5,Fp,Fs,11,12
137,josney,2,Fp,Fm,11,13
111,josney,2,Fp,Fm,11,13
482,lillteddy,5,Fp,Fm,11,13
155,josney,2,Fp,Fs,11,12
160,josney,2,Fp,Fm,11,13
387,Cherubins,4,Fp,Fm,11,13
466,lillteddy,5,Fp,Fm,11,13
172,josney,2,Fp,Fm,11,13
396,Cherubins,4,Fp,Fm,11,13
616,gisele,7,Fp,Fm,11,13
483,lillteddy,5,Fp,Fm,11,13
394,Cherubins,4,Fp,Fs,11,12
122,josney,2,Fp,Fs,11,12
191,josney,2,Fp,Fm,11,13
579,carine,6,Fp,Fm,11,13
1,remiremi,1,Fs,NF,12,2
905,jeannette_kenovh,9,Fs,Fp,12,11
478,lillteddy,5,Fs,Fs,12,12
587,lillteddy,6,Fs,NF,12,2
401,Cherubins,4,Fs,NF,12,2
637,gisele,7,Fs,Fs,12,12
425,lillteddy,5,Fs,NF,12,2
413,lillteddy,5,Fs,NF,12,2
28,karel88,1,Fs,Fp,12,11
763,lillteddy,8,Fs,NF,12,2
830,jeannette_kenovh,9,Fs,Fp,12,11
433,lillteddy,5,Fs,NF,12,2
309,Precieux,4,Fs,Fp,12,11
868,jeannette_kenovh,9,Fs,Fp,12,11
842,jeannette_kenovh,9,Fs,Fs,12,12
434,lillteddy,5,Fs,Fp,12,11
857,jeannette_kenovh,9,Fs,Fm,12,13
30,karel88,1,Fs,NF,12,2
471,lillteddy,5,Fs,Fm,12,13
418,lillteddy,5,Fs,Fm,12,13
890,jeannette_kenovh,9,Fs,Fp,12,11
585,carine,6,Fs,NF,12,2
841,jeannette_kenovh,9,Fs,Fp,12,11
436,lillteddy,5,Fs,NF,12,2
36,karel88,1,Fs,Fp,12,11
847,jeannette_kenovh,9,Fs,Fp,12,11
602,lillteddy,6,Fs,Fp,12,11
889,jeannette_kenovh,9,Fs,Fp,12,11
832,jeannette_kenovh,9,Fs,Fp,12,11
862,jeannette_kenovh,9,Fs,Fp,12,11
446,lillteddy,5,Fs,NF,12,2
792,leslie,8,Fs,Fs,12,12
659,gisele,7,Fs,NF,12,2
739,leslie,8,Fs,Fs,12,12
879,jeannette_kenovh,9,Fs,Fm,12,13
3,karel88,1,Fs,Fp,12,11
853,jeannette_kenovh,9,Fs,Fm,12,13
225,jeannette_kenovh,3,Fs,Fs,12,12
901,jeannette_kenovh,9,Fs,Fp,12,11
517,carine,6,Fs,Fs,12,12
415,lillteddy,5,Fs,NF,12,2
455,lillteddy,5,Fs,Fp,12,11
491,lillteddy,5,Fs,Fs,12,12
477,lillteddy,5,Fs,Fs,12,12
158,josney,2,Fs,Fs,12,12
870,jeannette_kenovh,9,Fs,Fp,12,11
906,jeannette_kenovh,9,Fs,Fs,12,12
447,lillteddy,5,Fs,Fm,12,13
542,carine,6,Fs,Fs,12,12
204,Precieux,3,Fs,Fm,12,13
859,jeannette_kenovh,9,Fs,Fm,12,13
183,josney,2,Fs,Fs,12,12
469,lillteddy,5,Fs,Fs,12,12
897,jeannette_kenovh,9,Fs,Fp,12,11
65,karel88,1,Fs,Fs,12,12
850,jeannette_kenovh,9,Fs,Fp,12,11
833,jeannette_kenovh,9,Fs,Fm,12,13
835,jeannette_kenovh,9,Fs,Fm,12,13
606,lillteddy,6,Fs,Fm,12,13
458,lillteddy,5,Fs,Fp,12,11
493,lillteddy,5,Fs,NF,12,2
468,lillteddy,5,Fs,Fm,12,13
846,jeannette_kenovh,9,Fs,Fp,12,11
439,lillteddy,5,Fs,Fp,12,11
578,carine,6,Fs,Fp,12,11
495,lillteddy,5,Fs,Fs,12,12
305,Cherubins,4,Fs,Fs,12,12
519,carine,6,Fs,Fp,12,11
865,jeannette_kenovh,9,Fs,Fs,12,12
130,josney,2,Fs,Fs,12,12
64,karel88,1,Fs,Fs,12,12
818,jeannette_kenovh,9,Fs,Fm,12,13
723,leslie,8,Fs,Fs,12,12
843,jeannette_kenovh,9,Fs,Fp,12,11
496,lillteddy,5,Fs,Fs,12,12
554,carine,6,Fs,Fp,12,11
759,leslie,8,Fs,Fs,12,12
898,jeannette_kenovh,9,Fs,Fp,12,11
827,jeannette_kenovh,9,Fs,Fm,12,13
871,jeannette_kenovh,9,Fs,Fm,12,13
520,carine,6,Fs,Fp,12,11
621,gisele,7,Fs,Fs,12,12
882,jeannette_kenovh,9,Fs,Fp,12,11
528,carine,6,Fs,Fp,12,11
864,jeannette_kenovh,9,Fs,Fp,12,11
614,gisele,7,Fs,Fs,12,12
314,Cherubins,4,Fs,Fs,12,12
874,jeannette_kenovh,9,Fs,Fs,12,12
521,carine,6,Fs,Fs,12,12
888,jeannette_kenovh,9,Fs,Fm,12,13
881,jeannette_kenovh,9,Fs,Fs,12,12
524,carine,6,Fs,Fs,12,12
816,jeannette_kenovh,9,Fs,Fp,12,11
809,jeannette_kenovh,9,Fs,Fm,12,13
819,jeannette_kenovh,9,Fs,Fm,12,13
869,jeannette_kenovh,9,Fs,Fm,12,13
457,lillteddy,5,NF,NF,2,2
527,carine,6,NF,NF,2,2
29,karel88,1,NF,NF,2,2
195,josney,2,NF,NF,2,2
144,josney,2,NF,NF,2,2
104,josney,2,NF,NF,2,2
427,lillteddy,5,NF,NF,2,2
740,leslie,8,NF,NF,2,2
53,karel88,1,NF,NF,2,2
529,carine,6,NF,NF,2,2
523,carine,6,NF,NF,2,2
702,Cherubins,7,NF,NF,2,2
302,karel88,3,NF,NF,2,2
509,carine,6,NF,NF,2,2
789,leslie,8,NF,Eau,2,4
35,karel88,1,NF,NF,2,2
186,josney,2,NF,NF,2,2
189,josney,2,NF,NF,2,2
668,gisele,7,NF,NF,2,2
72,karel88,1,NF,NF,2,2
139,josney,2,NF,NF,2,2
424,lillteddy,5,NF,NF,2,2
7,karel88,1,NF,NF,2,2
880,jeannette_kenovh,9,NF,NF,2,2
290,karel88,3,NF,NF,2,2
785,leslie,8,NF,NF,2,2
872,jeannette_kenovh,9,NF,Fs,2,12
844,jeannette_kenovh,9,NF,NF,2,2
312,Cherubins,4,NF,NF,2,2
778,leslie,8,NF,NF,2,2
384,Cherubins,4,NF,NF,2,2
81,karel88,1,NF,NF,2,2
492,lillteddy,5,NF,NF,2,2
287,karel88,3,NF,NF,2,2
728,leslie,8,NF,NF,2,2
660,gisele,7,NF,NF,2,2
837,jeannette_kenovh,9,NF,NF,2,2
647,gisele,7,NF,NF,2,2
75,karel88,1,NF,NF,2,2
583,carine,6,NF,NF,2,2
459,lillteddy,5,NF,NF,2,2
908,jeannette_kenovh,9,NF,NF,2,2
795,leslie,8,NF,Fs,2,12
667,gisele,7,NF,NF,2,2
270,karel88,3,NF,NF,2,2
564,carine,6,NF,NF,2,2
206,Precieux,3,NF,NF,2,2
907,jeannette_kenovh,9,NF,Fm,2,13
320,Cherubins,4,NF,NF,2,2
169,josney,2,NF,NF,2,2
704,Cherubins,7,NF,NF,2,2
866,jeannette_kenovh,9,NF,NF,2,2
142,josney,2,NF,NF,2,2
629,gisele,7,NF,Eau,2,4
640,gisele,7,NF,NF,2,2
736,leslie,8,NF,NF,2,2
161,josney,2,NF,NF,2,2
282,karel88,3,NF,NF,2,2
902,jeannette_kenovh,9,NF,NF,2,2
151,josney,2,NF,NF,2,2
590,lillteddy,6,NF,NF,2,2
713,leslie,8,NF,NF,2,2
507,carine,6,NF,NF,2,2
549,carine,6,NF,NF,2,2
187,josney,2,NF,Eau,2,4
117,josney,2,NF,NF,2,2
146,josney,2,NF,NF,2,2
226,Precieux,3,NF,NF,2,2
84,karel88,1,NF,Fm,2,13
295,karel88,3,NF,NF,2,2
203,Precieux,3,NF,NF,2,2
560,carine,6,NF,NF,2,2
826,jeannette_kenovh,9,NF,Fs,2,12
389,Cherubins,4,NF,NF,2,2
849,jeannette_kenovh,9,NF,NF,2,2
652,gisele,7,NF,Fs,2,12
392,Cherubins,4,NF,NF,2,2
772,leslie,8,NF,NF,2,2
815,jeannette_kenovh,9,NF,NF,2,2
639,gisele,7,NF,NF,2,2
194,josney,2,NF,NF,2,2
95,karel88,1,NF,NF,2,2
448,lillteddy,5,NF,NF,2,2
358,Cherubins,4,NF,NF,2,2
532,carine,6,NF,NF,2,2
825,jeannette_kenovh,9,NF,NF,2,2
13,karel88,1,NF,NF,2,2
321,Cherubins,4,NF,NF,2,2
786,leslie,8,NF,Eau,2,4
856,jeannette_kenovh,9,NF,Fs,2,12
133,josney,2,NF,NF,2,2
883,jeannette_kenovh,9,NF,NF,2,2
85,karel88,1,NF,Fs,2,12
330,Cherubins,4,NF,NF,2,2
150,josney,2,NF,NF,2,2
24,karel88,1,NF,NF,2,2
25,karel88,1,NF,NF,2,2
545,carine,6,NF,Eau,2,4
715,leslie,8,NF,Fm,2,13
544,carine,6,NF,Fs,2,12
291,karel88,3,NF,NF,2,2
500,lillteddy,5,NF,Fs,2,12
802,leslie,8,NF,NF,2,2
543,carine,6,NF,NF,2,2
296,karel88,3,NF,NF,2,2
402,Cherubins,4,NF,Fp,2,11
346,Cherubins,4,NF,NF,2,2
767,lillteddy,8,NF,NF,2,2
300,karel88,3,NF,NF,2,2
285,karel88,3,NF,NF,2,2
391,Cherubins,4,NF,NF,2,2
352,Cherubins,4,NF,Fs,2,12
264,karel88,3,NF,NF,2,2
732,leslie,8,NF,NF,2,2
49,karel88,1,NF,NF,2,2
181,josney,2,NF,NF,2,2
829,jeannette_kenovh,9,NF,NF,2,2
313,Cherubins,4,NF,NF,2,2
860,jeannette_kenovh,9,NF,NF,2,2
698,Cherubins,7,NF,NF,2,2
662,gisele,7,NF,NF,2,2
784,leslie,8,NF,NF,2,2
743,leslie,8,NF,NF,2,2
734,leslie,8,NF,Fs,2,12
903,jeannette_kenovh,9,NF,Fs,2,12
812,jeannette_kenovh,9,NF,NF,2,2
182,josney,2,NF,Fp,2,11
586,lillteddy,6,NF,NF,2,2
190,josney,2,NF,NF,2,2
768,leslie,8,NF,Eau,2,4
374,Cherubins,4,NF,NF,2,2
875,jeannette_kenovh,9,NF,NF,2,2
716,leslie,8,NF,Fs,2,12
878,jeannette_kenovh,9,NF,NF,2,2
676,Cherubins,7,NF,NF,2,2
97,karel88,1,NF,Fs,2,12
431,lillteddy,5,NF,NF,2,2
417,lillteddy,5,NF,NF,2,2
598,lillteddy,6,NF,NF,2,2
688,Cherubins,7,NF,Fs,2,12
608,gisele,7,NF,Fs,2,12
205,Precieux,3,NF,Fm,2,13
682,Cherubins,7,NF,NF,2,2
644,gisele,7,NF,NF,2,2
59,karel88,1,NF,Fm,2,13
701,Cherubins,7,NF,NF,2,2
390,Cherubins,4,NF,NF,2,2
522,carine,6,NF,NF,2,2
92,karel88,1,NF,Fs,2,12
653,gisele,7,NF,NF,2,2
210,Precieux,3,NF,Fp,2,11
178,josney,2,NF,Fs,2,12
790,leslie,8,NF,NF,2,2
658,gisele,7,NF,NF,2,2
31,karel88,1,NF,Fs,2,12
690,Cherubins,7,NF,NF,2,2
58,karel88,1,NF,NF,2,2
834,jeannette_kenovh,9,NF,Fp,2,11
904,jeannette_kenovh,9,NF,NF,2,2
52,karel88,1,NF,Fp,2,11
362,Cherubins,4,NF,Fm,2,13
761,leslie,8,NF,NF,2,2
51,karel88,1,NF,Fs,2,12
501,lillteddy,5,NF,NF,2,2
148,josney,2,NF,NF,2,2
752,leslie,8,NF,NF,2,2
588,lillteddy,6,NF,NF,2,2
724,leslie,8,NF,NF,2,2
526,carine,6,NF,Eau,2,4
403,Cherubins,4,NF,NF,2,2
893,jeannette_kenovh,9,NF,NF,2,2
212,Precieux,3,NF,Eau,2,4
814,jeannette_kenovh,9,NF,NF,2,2
822,jeannette_kenovh,9,NF,Fs,2,12
699,Cherubins,7,NF,Fs,2,12
116,josney,2,NF,Fp,2,11
884,jeannette_kenovh,9,NF,NF,2,2
211,Precieux,3,NF,Fm,2,13
712,leslie,8,NF,Fs,2,12
596,lillteddy,6,NF,NF,2,2
127,josney,2,NF,NF,2,2
82,karel88,1,NF,NF,2,2
214,Precieux,3,NF,Fp,2,11
845,jeannette_kenovh,9,NF,Fs,2,12
345,Cherubins,4,NF,Fs,2,12
335,Cherubins,4,NF,Fs,2,12
798,leslie,8,NF,NF,2,2
569,carine,6,NF,Eau,2,4
131,josney,2,NF,NF,2,2
877,jeannette_kenovh,9,NF,Fs,2,12
696,Cherubins,7,NF,NF,2,2
336,Cherubins,4,Pm,Fm,33,13
634,manual,7,NF,Pm,2,33
80,manual,1,NF,Ps,2,32
168,manual,2,NF,route,2,34
831,manual,9,NF,Ps,2,32
836,manual,9,NF,Ps,2,32
703,manual,7,NF,route,2,34
760,manual,8,Eau,Pm,4,33
593,manual,6,Fp,Ps,11,32
691,manual,7,Fp,Pp,11,31
269,manual,3,Fp,Ps,11,32
570,manual,6,Fp,Pp,11,31
247,manual,3,Fp,Ps,11,32
292,manual,3,Fp,Ps,11,32
464,manual,5,Fp,Pp,11,31
546,manual,6,Fp,Pp,11,31
672,manual,7,Fp,Ps,11,32
561,manual,6,Fp,Pm,11,33
274,manual,3,Fp,Pp,11,31
502,manual,5,Fp,Pm,11,33
635,manual,7,Fp,route,11,34
357,manual,4,Fp,route,11,34
533,manual,6,Fp,Ps,11,32
636,manual,7,Fp,Pp,11,31
611,manual,7,Fp,Ps,11,32
294,manual,3,Fp,Ps,11,32
398,manual,4,Fp,route,11,34
828,manual,9,Fp,Pp,11,31
271,manual,3,Fp,Pm,11,33
589,manual,6,Fp,route,11,34
449,manual,5,Fp,Pm,11,33
581,manual,6,Fp,Ps,11,32
574,manual,6,Fp,Pm,11,33
209,manual,3,Fp,route,11,34
267,manual,3,Fp,Pm,11,33
709,manual,8,Fp,Pm,11,33
580,manual,6,Fp,Ps,11,32
441,manual,5,Fs,Ps,12,32
622,manual,7,Fs,Ps,12,32
249,manual,3,Fs,Pp,12,31
71,manual,1,Fs,Ps,12,32
595,manual,6,Fs,Ps,12,32
63,manual,1,Fs,Ps,12,32
848,manual,9,Fs,Pp,12,31
69,manual,1,Fs,Ps,12,32
253,manual,3,Fs,Pp,12,31
79,manual,1,Fs,Pm,12,33
603,manual,6,Fs,route,12,34
530,manual,6,Fs,route,12,34
697,manual,7,Fs,Pm,12,33
679,manual,7,Fs,Pp,12,31
515,manual,6,Fs,Pm,12,33
567,manual,6,Fm,Pm,13,33
372,manual,4,Fm,Pm,13,33
228,manual,3,Fm,Pm,13,33
76,manual,1,Pp,Pp,31,31
224,manual,3,Pp,Pp,31,31
409,manual,5,Pp,Pp,31,31
488,manual,5,Pp,Ps,31,32
193,manual,2,Pp,Pp,31,31
892,manual,9,Pp,Pp,31,31
726,manual,8,Pp,Pp,31,31
385,manual,4,Pp,Pp,31,31
685,manual,7,Pp,Pp,31,31
821,manual,9,Pp,route,31,34
540,manual,6,Pp,Pp,31,31
681,manual,7,Pp,Pp,31,31
852,manual,9,Pp,Pp,31,31
152,manual,2,Pp,Pp,31,31
333,manual,4,Pp,Pp,31,31
582,manual,6,Pp,Pp,31,31
298,manual,3,Pp,Pp,31,31
817,manual,9,Pp,Pp,31,31
311,manual,4,Pp,Pm,31,33
106,manual,2,Pp,Pp,31,31
379,manual,4,Pp,Pp,31,31
497,manual,5,Pp,route,31,34
753,manual,8,Pp,Pp,31,31
119,manual,2,Pp,Pp,31,31
646,manual,7,Pp,Pm,31,33
89,manual,1,Pp,Pp,31,31
504,manual,5,Pp,Ps,31,32
820,manual,9,Pp,Pp,31,31
12,manual,1,Ps,Pp,32,31
442,manual,5,Ps,Pm,32,33
421,manual,5,Ps,Ps,32,32
102,manual,2,Ps,Ps,32,32
331,manual,4,Ps,Ps,32,32
476,manual,5,Ps,Pp,32,31
27,manual,1,Ps,Pp,32,31
689,manual,7,Ps,Ps,32,32
175,manual,2,Ps,Ps,32,32
143,manual,2,Ps,Pm,32,33
386,manual,4,Ps,Ps,32,32
56,manual,1,Ps,Pp,32,31
124,manual,2,Ps,Ps,32,32
62,manual,1,Ps,Pp,32,31
57,manual,1,Ps,Ps,32,32
176,manual,2,Ps,Pp,32,31
363,manual,4,Ps,Ps,32,32
799,manual,8,Ps,Ps,32,32
613,manual,7,Ps,Ps,32,32
480,manual,5,Ps,Pp,32,31
319,manual,4,Ps,Ps,32,32
719,manual,8,Ps,Ps,32,32
306,manual,4,Ps,Pp,32,31
370,manual,4,Ps,Pp,32,31
156,manual,2,Ps,Pp,32,31
479,manual,5,Ps,Ps,32,32
623,manual,7,Ps,Pm,32,33
317,manual,4,Ps,Pm,32,33
886,manual,9,Ps,Ps,32,32
887,manual,9,Ps,Ps,32,32
498,manual,5,Ps,route,32,34
149,manual,2,Ps,Pm,32,33
227,manual,3,Ps,Ps,32,32
541,manual,6,Ps,Pp,32,31
800,manual,8,Ps,route,32,34
511,manual,6,Ps,Ps,32,32
657,manual,7,Ps,route,32,34
756,manual,8,Ps,Pp,32,31
414,manual,5,Ps,Ps,32,32
125,manual,2,Ps,Ps,32,32
301,manual,3,Ps,Pm,32,33
720,manual,8,Ps,route,32,34
219,manual,3,Ps,Ps,32,32
674,manual,7,Ps,route,32,34
876,manual,9,Ps,Ps,32,32
412,manual,5,Ps,route,32,34
108,manual,2,Ps,Ps,32,32
238,manual,3,Ps,route,32,34
626,manual,7,Ps,Ps,32,32
430,manual,5,Ps,route,32,34
686,manual,7,Ps,Pm,32,33
140,manual,2,Ps,Pm,32,33
338,manual,4,Ps,Ps,32,32
648,manual,7,Ps,route,32,34
373,manual,4,Ps,Ps,32,32
769,manual,8,Ps,Ps,32,32
885,manual,9,Ps,Pm,32,33
371,manual,4,Ps,route,32,34
410,manual,5,Ps,Pm,32,33
754,manual,8,Pm,Pm,33,33
18,manual,1,Pm,Pm,33,33
891,manual,9,Pm,Pm,33,33
208,manual,3,Pm,Pm,33,33
128,manual,2,Pm,Pm,33,33
120,manual,2,Pm,Pm,33,33
730,manual,8,Pm,Pm,33,33
782,manual,8,Pm,Ps,33,32
55,manual,1,Pm,Pm,33,33
575,manual,6,Pm,Pm,33,33
93,manual,1,Pm,Pm,33,33
776,manual,8,Pm,Pp,33,31
867,manual,9,Pm,Pm,33,33
725,manual,8,Pm,Pm,33,33
229,manual,3,Pm,Pm,33,33
873,manual,9,Pm,Pm,33,33
806,manual,8,Pm,Pm,33,33
742,manual,8,Pm,Pp,33,31
486,manual,5,Pm,Pm,33,33
47,manual,1,Pm,Pm,33,33
895,manual,9,Pm,Pm,33,33
118,manual,2,Pm,Pm,33,33
44,manual,1,Pm,Pm,33,33
775,manual,8,Pm,Ps,33,32
359,manual,4,Pm,Pm,33,33
315,manual,4,Pm,Pm,33,33
416,manual,5,route,route,34,34
551,manual,6,route,route,34,34
813,manual,9,route,Pm,34,33
797,manual,8,route,Pp,34,31
858,manual,9,route,Pp,34,31
356,manual,4,route,route,34,34
340,manual,4,route,route,34,34
207,manual,3,route,route,34,34
105,manual,2,route,route,34,34
861,manual,9,route,route,34,34
316,manual,4,route,route,34,34
423,manual,5,route,route,34,34
506,manual,6,route,route,34,34
744,manual,8,route,route,34,34
729,manual,8,route,route,34,34
22,manual,1,route,route,34,34
26,manual,1,route,route,34,34
788,manual,8,route,route,34,34
552,manual,6,route,route,34,34
444,manual,5,route,Pp,34,31
164,manual,2,route,route,34,34
777,manual,8,route,route,34,34
222,manual,3,route,route,34,34
899,manual,9,route,route,34,34
15,manual,1,route,route,34,34
50,manual,1,route,route,34,34
643,manual,7,route,route,34,34
17,manual,1,route,route,34,34
115,manual,2,route,route,34,34
266,manual,3,route,route,34,34
894,manual,9,route,route,34,34
185,manual,2,route,route,34,34
